{
    "default": {
        "pitch_mean": 178.86880493164062,
        "pitch_std": 60.64979553222656
    },
     "0": {
        "pitch_mean": 90.2708740234375,
        "pitch_std": 15.892852783203125
    }
}